,データ取得方法,site,phase,prefecture,area,latitude,longitude
agata_606,"Creafrom HandySCAN BLACK™ | Elite
SfM (Eos Kiss x8i)",Agata,8,ehime,04. Setouchi,34.063099,132.972503
agata_609,Creafrom HandySCAN BLACK™ | Elite,Agata,8,ehime,04. Setouchi,34.063099,132.972503
agata_611,Creafrom HandySCAN BLACK™ | Elite,Agata,8,ehime,04. Setouchi,34.063099,132.972503
agata_616,Creafrom HandySCAN BLACK™ | Elite,Agata,8,ehime,04. Setouchi,34.063099,132.972503
agata_620,Creafrom HandySCAN BLACK™ | Elite,Agata,8,ehime,04. Setouchi,34.063099,132.972503
ama_1,Creafrom HandySCAN BLACK™ | Elite,Ama,6,osaka,06. Kinki,34.85552,135.6309303
ama_2,Creafrom HandySCAN BLACK™ | Elite,Ama,6,osaka,06. Kinki,34.85552,135.6309303
ama_3,Creafrom HandySCAN BLACK™ | Elite,Ama,6,osaka,06. Kinki,34.85552,135.6309303
ama_4,Creafrom HandySCAN BLACK™ | Elite,Ama,6,osaka,06. Kinki,34.85552,135.6309303
asahi1,Creafrom HandySCAN BLACK™ | Elite,Asahi,7,aichi,07. Tokai,35.218496,136.85131
asahi2,Creafrom HandySCAN BLACK™ | Elite,Asahi,7,aichi,07. Tokai,35.218496,136.85131
asahi3,Creafrom HandySCAN BLACK™ | Elite,Asahi,7,aichi,07. Tokai,35.218496,136.85131
asahi4,Creafrom HandySCAN BLACK™ | Elite,Asahi,7,aichi,07. Tokai,35.218496,136.85131
aso_10,Creafrom HandySCAN BLACK™ | Elite,Aso,5,ehime,04. Setouchi,33.77737,132.791355
aso_11,Creafrom HandySCAN BLACK™ | Elite,Aso,5,ehime,04. Setouchi,33.77737,132.791355
aso_12,Creafrom HandySCAN BLACK™ | Elite,Aso,5,ehime,04. Setouchi,33.77737,132.791355
ayaragi_go_101,Creafrom HandySCAN BLACK™ | Elite,Ayaragi-go,4,yamaguchi,02. Eastern Kyushu,34.011032,130.926013
ayaragi_go_1033,Creafrom HandySCAN BLACK™ | Elite,Ayaragi-go,6,yamaguchi,02. Eastern Kyushu,34.011032,130.926013
ayaragi_go_11,Creafrom HandySCAN BLACK,Ayaragi-go,4,yamaguchi,02. Eastern Kyushu,34.011032,130.926013
ayaragi_go_126,Creafrom HandySCAN BLACK™ | Elite,Ayaragi-go,4,yamaguchi,02. Eastern Kyushu,34.011032,130.926013
ayaragi_go_157,SfM (SONYα6500),Ayaragi-go,4,yamaguchi,02. Eastern Kyushu,34.011032,130.926013
ayaragi_go_158,Creafrom HandySCAN BLACK,Ayaragi-go,4,yamaguchi,02. Eastern Kyushu,34.011032,130.926013
ayaragi_go_160,Creafrom HandySCAN BLACK™ | Elite,Ayaragi-go,4,yamaguchi,02. Eastern Kyushu,34.011032,130.926013
ayaragi_go_176,Creafrom HandySCAN BLACK™ | Elite,Ayaragi-go,4,yamaguchi,02. Eastern Kyushu,34.011032,130.926013
ayaragi_go_184,Creafrom HandySCAN BLACK™ | Elite,Ayaragi-go,4,yamaguchi,02. Eastern Kyushu,34.011032,130.926013
ayaragi_go_186,Creafrom HandySCAN BLACK™ | Elite,Ayaragi-go,4,yamaguchi,02. Eastern Kyushu,34.011032,130.926013
ayaragi_go_199,SfM (SONYα6500),Ayaragi-go,4,yamaguchi,02. Eastern Kyushu,34.011032,130.926013
ayaragi_go_202,Creafrom HandySCAN BLACK,Ayaragi-go,4,yamaguchi,02. Eastern Kyushu,34.011032,130.926013
ayaragi_go_203,SfM (SONYα6500),Ayaragi-go,4,yamaguchi,02. Eastern Kyushu,34.011032,130.926013
ayaragi_go_208,SfM (SONYα6500),Ayaragi-go,4,yamaguchi,02. Eastern Kyushu,34.011032,130.926013
ayaragi_go_209,Creafrom HandySCAN BLACK™ | Elite,Ayaragi-go,4,yamaguchi,02. Eastern Kyushu,34.011032,130.926013
ayaragi_go_21,Creafrom HandySCAN BLACK™ | Elite,Ayaragi-go,4,yamaguchi,02. Eastern Kyushu,34.011032,130.926013
ayaragi_go_224,Creafrom HandySCAN BLACK™ | Elite,Ayaragi-go,4,yamaguchi,02. Eastern Kyushu,34.011032,130.926013
ayaragi_go_237,Creafrom HandySCAN BLACK,Ayaragi-go,5,yamaguchi,02. Eastern Kyushu,34.011032,130.926013
ayaragi_go_240,Creafrom HandySCAN BLACK™ | Elite,Ayaragi-go,5,yamaguchi,02. Eastern Kyushu,34.011032,130.926013
ayaragi_go_252,SfM (SONYα6500),Ayaragi-go,5,yamaguchi,02. Eastern Kyushu,34.011032,130.926013
ayaragi_go_259,Creafrom HandySCAN BLACK™ | Elite,Ayaragi-go,5,yamaguchi,02. Eastern Kyushu,34.011032,130.926013
ayaragi_go_284,Creafrom HandySCAN BLACK,Ayaragi-go,5,yamaguchi,02. Eastern Kyushu,34.011032,130.926013
ayaragi_go_285,Creafrom HandySCAN BLACK™ | Elite,Ayaragi-go,5,yamaguchi,02. Eastern Kyushu,34.011032,130.926013
ayaragi_go_286,SfM (SONYα6500),Ayaragi-go,5,yamaguchi,02. Eastern Kyushu,34.011032,130.926013
ayaragi_go_290,SfM (SONYα6500),Ayaragi-go,5,yamaguchi,02. Eastern Kyushu,34.011032,130.926013
ayaragi_go_293,Creafrom HandySCAN BLACK™ | Elite,Ayaragi-go,5,yamaguchi,02. Eastern Kyushu,34.011032,130.926013
ayaragi_go_296,Creafrom HandySCAN BLACK™ | Elite,Ayaragi-go,5,yamaguchi,02. Eastern Kyushu,34.011032,130.926013
ayaragi_go_297,Creafrom HandySCAN BLACK,Ayaragi-go,5,yamaguchi,02. Eastern Kyushu,34.011032,130.926013
ayaragi_go_299,Creafrom HandySCAN BLACK™ | Elite,Ayaragi-go,5,yamaguchi,02. Eastern Kyushu,34.011032,130.926013
ayaragi_go_305,Creafrom HandySCAN BLACK™ | Elite,Ayaragi-go,5,yamaguchi,02. Eastern Kyushu,34.011032,130.926013
ayaragi_go_308,Creafrom HandySCAN BLACK™ | Elite,Ayaragi-go,5,yamaguchi,02. Eastern Kyushu,34.011032,130.926013
ayaragi_go_312,SfM (SONYα6500),Ayaragi-go,5,yamaguchi,02. Eastern Kyushu,34.011032,130.926013
ayaragi_go_313,Creafrom HandySCAN BLACK™ | Elite,Ayaragi-go,5,yamaguchi,02. Eastern Kyushu,34.011032,130.926013
ayaragi_go_347,SfM (SONYα6500),Ayaragi-go,5,yamaguchi,02. Eastern Kyushu,34.011032,130.926013
ayaragi_go_369,SfM (SONYα6500),Ayaragi-go,5,yamaguchi,02. Eastern Kyushu,34.011032,130.926013
ayaragi_go_385,Creafrom HandySCAN BLACK™ | Elite,Ayaragi-go,5,yamaguchi,02. Eastern Kyushu,34.011032,130.926013
ayaragi_go_386,SfM (SONYα6500),Ayaragi-go,5,yamaguchi,02. Eastern Kyushu,34.011032,130.926013
ayaragi_go_407,Creafrom HandySCAN BLACK™ | Elite,Ayaragi-go,5,yamaguchi,02. Eastern Kyushu,34.011032,130.926013
ayaragi_go_410,Creafrom HandySCAN BLACK,Ayaragi-go,5,yamaguchi,02. Eastern Kyushu,34.011032,130.926013
ayaragi_go_431,SfM (SONYα6500),Ayaragi-go,5,yamaguchi,02. Eastern Kyushu,34.011032,130.926013
ayaragi_go_449,Creafrom HandySCAN BLACK™ | Elite,Ayaragi-go,5,yamaguchi,02. Eastern Kyushu,34.011032,130.926013
ayaragi_go_505,SfM (SONYα6500),Ayaragi-go,5,yamaguchi,02. Eastern Kyushu,34.011032,130.926013
ayaragi_go_513,Creafrom HandySCAN BLACK,Ayaragi-go,5,yamaguchi,02. Eastern Kyushu,34.011032,130.926013
ayaragi_go_52,Creafrom HandySCAN BLACK,Ayaragi-go,4,yamaguchi,02. Eastern Kyushu,34.011032,130.926013
ayaragi_go_56,Creafrom HandySCAN BLACK™ | Elite,Ayaragi-go,4,yamaguchi,02. Eastern Kyushu,34.011032,130.926013
ayaragi_go_619,Creafrom HandySCAN BLACK™ | Elite,Ayaragi-go,6,yamaguchi,02. Eastern Kyushu,34.011032,130.926013
ayaragi_go_9,Creafrom HandySCAN BLACK™ | Elite,Ayaragi-go,4,yamaguchi,02. Eastern Kyushu,34.011032,130.926013
ayaragi_go_94,SfM (SONYα6500),Ayaragi-go,4,yamaguchi,02. Eastern Kyushu,34.011032,130.926013
daikai_14_25,Creafrom HandySCAN BLACK™ | Elite,Daikai,4,hyogo,06. Kinki,34.673504,135.165994
daikai_14_28,Creafrom HandySCAN BLACK™ | Elite,Daikai,4,hyogo,06. Kinki,34.673504,135.165994
daikai_17_24,Creafrom HandySCAN BLACK™ | Elite,Daikai,4,hyogo,06. Kinki,34.673504,135.165994
daikai_17_27,Creafrom HandySCAN BLACK™ | Elite,Daikai,4,hyogo,06. Kinki,34.673504,135.165994
daikai_1_131,Creafrom HandySCAN BLACK™ | Elite,Daikai,4,hyogo,06. Kinki,34.673504,135.165994
daikai_1_132,Creafrom HandySCAN BLACK™ | Elite,Daikai,4,hyogo,06. Kinki,34.673504,135.165994
daikai_1_293,Creafrom HandySCAN BLACK™ | Elite,Daikai,4,hyogo,06. Kinki,34.673504,135.165994
daikai_1_301,Creafrom HandySCAN BLACK™ | Elite,Daikai,4,hyogo,06. Kinki,34.673504,135.165994
daikai_1_302,Creafrom HandySCAN BLACK™ | Elite,Daikai,4,hyogo,06. Kinki,34.673504,135.165994
daikai_1_312,Creafrom HandySCAN BLACK™ | Elite,Daikai,4,hyogo,06. Kinki,34.673504,135.165994
daikai_1_354,Creafrom HandySCAN BLACK™ | Elite,Daikai,4,hyogo,06. Kinki,34.673504,135.165994
daikai_1_362,Creafrom HandySCAN BLACK™ | Elite,Daikai,4,hyogo,06. Kinki,34.673504,135.165994
daikai_1_429,Creafrom HandySCAN BLACK™ | Elite,Daikai,4,hyogo,06. Kinki,34.673504,135.165994
daikai_1_441,Creafrom HandySCAN BLACK™ | Elite,Daikai,4,hyogo,06. Kinki,34.673504,135.165994
daikai_1_536,Creafrom HandySCAN BLACK™ | Elite,Daikai,4,hyogo,06. Kinki,34.673504,135.165994
daikai_1_537,Creafrom HandySCAN BLACK™ | Elite,Daikai,4,hyogo,06. Kinki,34.673504,135.165994
daikai_1_604,Creafrom HandySCAN BLACK™ | Elite,Daikai,4,hyogo,06. Kinki,34.673504,135.165994
daikai_1_609,Creafrom HandySCAN BLACK™ | Elite,Daikai,4,hyogo,06. Kinki,34.673504,135.165994
daikai_1_629,Creafrom HandySCAN BLACK™ | Elite,Daikai,4,hyogo,06. Kinki,34.673504,135.165994
daikai_1_635,Creafrom HandySCAN BLACK™ | Elite,Daikai,4,hyogo,06. Kinki,34.673504,135.165994
daikai_1_652,Creafrom HandySCAN BLACK™ | Elite,Daikai,4,hyogo,06. Kinki,34.673504,135.165994
daikai_1_688,Creafrom HandySCAN BLACK™ | Elite,Daikai,4,hyogo,06. Kinki,34.673504,135.165994
daikai_1_693,Creafrom HandySCAN BLACK™ | Elite,Daikai,4,hyogo,06. Kinki,34.673504,135.165994
daikai_1_706,Creafrom HandySCAN BLACK™ | Elite,Daikai,4,hyogo,06. Kinki,34.673504,135.165994
daikai_1_9,Creafrom HandySCAN BLACK™ | Elite,Daikai,4,hyogo,06. Kinki,34.673504,135.165994
daikai_7_113,Creafrom HandySCAN BLACK™ | Elite,Daikai,4,hyogo,06. Kinki,34.673504,135.165994
daikai_7_117,Creafrom HandySCAN BLACK™ | Elite,Daikai,4,hyogo,06. Kinki,34.673504,135.165994
daikai_7_141,Creafrom HandySCAN BLACK™ | Elite,Daikai,4,hyogo,06. Kinki,34.673504,135.165994
daikai_7_268,Creafrom HandySCAN BLACK™ | Elite,Daikai,4,hyogo,06. Kinki,34.673504,135.165994
daikai_7_550,Creafrom HandySCAN BLACK™ | Elite,Daikai,4,hyogo,06. Kinki,34.673504,135.165994
daikai_7_551,Creafrom HandySCAN BLACK™ | Elite,Daikai,4,hyogo,06. Kinki,34.673504,135.165994
dougoimaichi_5,"Creafrom HandySCAN BLACK™ | Elite
SfM (Eos Kiss x8i)",Dogocho,8,ehime,04. Setouchi,33.848068,132.784431
dougomachi_89,"Creafrom HandySCAN BLACK™ | Elite
SfM (Eos Kiss x8i)",Dogomachi,8,ehime,04. Setouchi,33.848918,132.778697
guzo_433,Creafrom HandySCAN BLACK™ | Elite,Guzo,8,hyogo,06. Kinki,34.210204,134.734988
guzo_435,Creafrom HandySCAN BLACK™ | Elite,Guzo,8,hyogo,06. Kinki,34.210204,134.734988
haradanishi_156,Creafrom HandySCAN BLACK™ | Elite,Haradanishi,8,hyogo,06. Kinki,34.772738,135.446693
hariehama_134,Creafrom HandySCAN BLACK™ | Elite,Haradanishi,8,hyogo,06. Kinki,34.772738,135.446693
hariehama_141,Creafrom HandySCAN BLACK™ | Elite,Haradanishi,8,hyogo,06. Kinki,34.772738,135.446693
hariehama_347,Creafrom HandySCAN BLACK™ | Elite,Hariehama,7,shiga,06. Kinki,35.373173,136.047378
hariehama_389,Creafrom HandySCAN BLACK™ | Elite,Hariehama,7,shiga,06. Kinki,35.373173,136.047378
hariehama_51,Creafrom HandySCAN BLACK™ | Elite,Hariehama,7,shiga,06. Kinki,35.373173,136.047378
hariehama_58,Creafrom HandySCAN BLACK™ | Elite,Hariehama,7,shiga,06. Kinki,35.373173,136.047378
hariehama_59,Creafrom HandySCAN BLACK™ | Elite,Hariehama,7,shiga,06. Kinki,35.373173,136.047378
hariehama_95,Creafrom HandySCAN BLACK™ | Elite,Hariehama,7,shiga,06. Kinki,35.373173,136.047378
higashinara_28,Creafrom HandySCAN BLACK™ | Elite,Hariehama,7,shiga,06. Kinki,35.373173,136.047378
higashinara_76,Creafrom HandySCAN BLACK™ | Elite,Higashinara,6,osaka,06. Kinki,34.804354,135.570126
higashinara_8,Creafrom HandySCAN BLACK™ | Elite,Higashinara,6,osaka,06. Kinki,34.804354,135.570126
hirai_1,"Creafrom HandySCAN BLACK™ | Elite
SfM (Eos Kiss x8i)",Hirai,7,ehime,04. Setouchi,33.808229,132.82135
imagawa_0,Creafrom HandySCAN BLACK™ | Elite,Imagawa,2,fukuoka,01. Northern Kyushu,33.774002,130.473953
imagawa_122,Creafrom HandySCAN BLACK™ | Elite,Imagawa,2,fukuoka,01. Northern Kyushu,33.774002,130.473953
imagawa_38,Creafrom HandySCAN BLACK™ | Elite,Imagawa,2,fukuoka,01. Northern Kyushu,33.774002,130.473953
imagawa_50,Creafrom HandySCAN BLACK™ | Elite,Imagawa,2,fukuoka,01. Northern Kyushu,33.774002,130.473953
imagawa_51,Creafrom HandySCAN BLACK™ | Elite,Imagawa,2,fukuoka,01. Northern Kyushu,33.774002,130.473953
imagawa_65,Creafrom HandySCAN BLACK™ | Elite,Imagawa,2,fukuoka,01. Northern Kyushu,33.774002,130.473953
imagawa_66,Creafrom HandySCAN BLACK™ | Elite,Imagawa,2,fukuoka,01. Northern Kyushu,33.774002,130.473953
imagawa_71,Creafrom HandySCAN BLACK™ | Elite,Imagawa,2,fukuoka,01. Northern Kyushu,33.774002,130.473953
imagawa_73,Creafrom HandySCAN BLACK™ | Elite,Imagawa,2,fukuoka,01. Northern Kyushu,33.774002,130.473953
ishii_266,Creafrom HandySCAN BLACK™ | Elite,Ishii,4,ehime,04. Setouchi,33.807851,132.786504
itazuke_1069_49_ii_213,SfM (Eos Kiss x8i),Itazuke,1,fukuoka,01. Northern Kyushu,33.565333,130.453327
itazuke_1069_50_ii_5732,SfM (Eos Kiss x8i),Itazuke,1,fukuoka,01. Northern Kyushu,33.565333,130.453327
itazuke_1069_52_ii_7836,SfM (SONYα6500),Itazuke,1,fukuoka,01. Northern Kyushu,33.565333,130.453327
itazuke_1069_52_ii_7906,SfM (SONYα6500),Itazuke,1,fukuoka,01. Northern Kyushu,33.565333,130.453327
itazuke_1069_53_ii_10301,SfM (Eos Kiss 7),Itazuke,1,fukuoka,01. Northern Kyushu,33.565333,130.453327
itazuke_1069_53_ii_12798,SfM (Eos Kiss 7),Itazuke,1,fukuoka,01. Northern Kyushu,33.565333,130.453327
itazuke_1069_54_ii_12761,SfM (Eos Kiss 7),Itazuke,1,fukuoka,01. Northern Kyushu,33.565333,130.453327
itazuke_1069_54_ii_13198,SfM (Eos Kiss 7),Itazuke,1,fukuoka,01. Northern Kyushu,33.565333,130.453327
itazuke_1069_54_ii_13525,SfM (Eos Kiss 7),Itazuke,1,fukuoka,01. Northern Kyushu,33.565333,130.453327
itazuke_1069_55_ii_3,SfM (Eos Kiss x8i),Itazuke,1,fukuoka,01. Northern Kyushu,33.565333,130.453327
itazuke_1069_65_1,Creafrom HandySCAN BLACK™ | Elite,Itazuke,1,fukuoka,01. Northern Kyushu,33.565333,130.453327
itazuke_1069_65_4,Creafrom HandySCAN BLACK™ | Elite,Itazuke,1,fukuoka,01. Northern Kyushu,33.565333,130.453327
itazuke_1069_67_3723,Creafrom HandySCAN BLACK™ | Elite,Itazuke,1,fukuoka,01. Northern Kyushu,33.565333,130.453327
itazuke_35_3_161_1,Creafrom HandySCAN BLACK™ | Elite,Itazuke,1,fukuoka,01. Northern Kyushu,33.565333,130.453327
itazuke_35_3_74,SfM (Eos Kiss x8i),Itazuke,1,fukuoka,01. Northern Kyushu,33.565333,130.453327
itazuke_39_12_c1,SfM (SONYα6500),Itazuke,1,fukuoka,01. Northern Kyushu,33.565333,130.453327
itazuke_39_12_c4,Creafrom HandySCAN BLACK™ | Elite,Itazuke,1,fukuoka,01. Northern Kyushu,33.565333,130.453327
itazuke_nakaharasiryou_ki018_00006,SfM (Eos Kiss x8i),Itazuke,1,fukuoka,01. Northern Kyushu,33.565333,130.453327
iteda_627,Creafrom HandySCAN BLACK™ | Elite,Iteda,8,hyogo,06. Kinki,34.223592,134.736086
iteda_631,Creafrom HandySCAN BLACK™ | Elite,Iteda,8,hyogo,06. Kinki,34.223592,134.736086
iteda_636,Creafrom HandySCAN BLACK™ | Elite,Iteda,8,hyogo,06. Kinki,34.223592,134.736086
iteda_719,Creafrom HandySCAN BLACK™ | Elite,Iteda,8,hyogo,06. Kinki,34.223592,134.736086
junnabara_a,Creafrom HandySCAN BLACK™ | Elite,Junnabara,7,Shimane,05. Sanin,34.84783,132.5153
kamei_115_703,Creafrom HandySCAN BLACK™ | Elite,Kamei,7,osaka,06. Kinki,34.616429,135.574698
kamei_115_705,Creafrom HandySCAN BLACK™ | Elite,Kamei,7,osaka,06. Kinki,34.616429,135.574698
kamei_115_706,Creafrom HandySCAN BLACK™ | Elite,Kamei,7,osaka,06. Kinki,34.616429,135.574698
kamei_84_487,SfM (Eos Kiss x8i),Kamei,7,osaka,06. Kinki,34.616429,135.574698
kamei_84_490,"SfM (Eos Kiss x8i)
Creafrom HandySCAN BLACK™ | Elite",Kamei,7,osaka,06. Kinki,34.616429,135.574698
kamei_84_491,SfM (Eos Kiss x8i),Kamei,7,osaka,06. Kinki,34.616429,135.574698
kamei_85_495,Creafrom HandySCAN BLACK™ | Elite,Kamei,7,osaka,06. Kinki,34.616429,135.574698
kamei_85_501,SfM (Eos Kiss x8i),Kamei,7,osaka,06. Kinki,34.616429,135.574698
kamei_86_502,Creafrom HandySCAN BLACK™ | Elite,Kamei,7,osaka,06. Kinki,34.616429,135.574698
kamiasaeda_21,Creafrom HandySCAN BLACK™ | Elite,Kamiasaeda,6,hiroshima,04. Setouchi,34.772967,132.468225
kamiasaeda_23,Creafrom HandySCAN BLACK™ | Elite,Kamiasaeda,6,hiroshima,04. Setouchi,34.772967,132.468225
kamiasaeda_26,Creafrom HandySCAN BLACK™ | Elite,Kamiasaeda,6,hiroshima,04. Setouchi,34.772967,132.468225
karakokagi_sk203_230,Creafrom HandySCAN BLACK™ | Elite,Karakokagi,6,nara,06. Kinki,34.570335,135.798321
karakokagi_sk206_418,Creafrom HandySCAN BLACK™ | Elite,Karakokagi,6,nara,06. Kinki,34.570335,135.798321
karakokagi_sk208_18_16,Creafrom HandySCAN BLACK™ | Elite,Karakokagi,6,nara,06. Kinki,34.570335,135.798321
karakokagi_sk215_21_52,Creafrom HandySCAN BLACK™ | Elite,Karakokagi,6,nara,06. Kinki,34.570335,135.798321
karakokagi_sk215_21_53,Creafrom HandySCAN BLACK™ | Elite,Karakokagi,6,nara,06. Kinki,34.570335,135.798321
karasumazaki_778,Creafrom HandySCAN BLACK™ | Elite,Katasumazaki,6,shiga,06. Kinki,35.09611111,136.0194444
karasumazaki_856,Creafrom HandySCAN BLACK™ | Elite,Katasumazaki,6,shiga,06. Kinki,35.09611111,136.0194444
karasumazaki_986,Creafrom HandySCAN BLACK™ | Elite,Katasumazaki,6,shiga,06. Kinki,35.09611111,136.0194444
katada_1031,Creafrom HandySCAN BLACK™ | Elite,Katada,7,wakayama,06. Kinki,33.8986,135.1592
katada_1146,Creafrom HandySCAN BLACK™ | Elite,Katada,7,wakayama,06. Kinki,33.8986,135.1592
katada_157,Creafrom HandySCAN BLACK™ | Elite,Katada,7,wakayama,06. Kinki,33.8986,135.1592
katada_917,Creafrom HandySCAN BLACK™ | Elite,Katada,7,wakayama,06. Kinki,33.8986,135.1592
katada_918,Creafrom HandySCAN BLACK™ | Elite,Katada,7,wakayama,06. Kinki,33.8986,135.1592
katsurami_28,Creafrom HandySCAN BLACK™ | Elite,Katsurami,7,tottori,05. Sanin,35.4951,134.1742
katsurami_522,Creafrom HandySCAN BLACK™ | Elite,Katsurami,7,tottori,05. Sanin,35.4951,134.1742
katsurami_526,Creafrom HandySCAN BLACK™ | Elite,Katsurami,7,tottori,05. Sanin,35.4951,134.1742
katsurami_527,Creafrom HandySCAN BLACK™ | Elite,Katsurami,7,tottori,05. Sanin,35.4951,134.1742
kinomoto_55_326,"SfM (Eos Kiss x8i)
Creafrom HandySCAN BLACK™ | Elite",Kinomoto,6,osaka,06. Kinki,34.600622,135.600088
kinomoto_62_442,Creafrom HandySCAN BLACK™ | Elite,Kinomoto,6,osaka,06. Kinki,34.600622,135.600088
kinomoto_62_445,SfM (Eos Kiss x8i),Kinomoto,6,osaka,06. Kinki,34.600622,135.600088
kinomoto_75_696,Creafrom HandySCAN BLACK™ | Elite,Kinomoto,6,osaka,06. Kinki,34.600622,135.600088
kinomoto_75_700,SfM (Eos Kiss x8i),Kinomoto,6,osaka,06. Kinki,34.600622,135.600088
kinomoto_76_709,"SfM (Eos Kiss x8i)
Creafrom HandySCAN BLACK™ | Elite",Kinomoto,6,osaka,06. Kinki,34.600622,135.600088
kinomoto_77_718,Creafrom HandySCAN BLACK™ | Elite,Kinomoto,6,osaka,06. Kinki,34.600622,135.600088
kinomoto_80_776,Creafrom HandySCAN BLACK™ | Elite,Kinomoto,6,osaka,06. Kinki,34.600622,135.600088
kinomoto_83_804,Creafrom HandySCAN BLACK™ | Elite,Kinomoto,6,osaka,06. Kinki,34.600622,135.600088
kinomoto_84_824,Creafrom HandySCAN BLACK™ | Elite,Kinomoto,6,osaka,06. Kinki,34.600622,135.600088
kinomoto_86_854,Creafrom HandySCAN BLACK™ | Elite,Kinomoto,6,osaka,06. Kinki,34.600622,135.600088
kokubu_55,Creafrom HandySCAN BLACK™ | Elite,Kokubu,6,ehime,04. Setouchi,34.023807,133.027408
kokubu_56,Creafrom HandySCAN BLACK™ | Elite,Kokubu,6,ehime,04. Setouchi,34.023807,133.027408
kokubu_57,Creafrom HandySCAN BLACK™ | Elite,Kokubu,6,ehime,04. Setouchi,34.023807,133.027408
kumetakahata_131,Creafrom HandySCAN BLACK™ | Elite,Kumetakahata,7,ehime,04. Setouchi,33.811944,132.799722
kumonomiya_174,Creafrom HandySCAN BLACK™ | Elite,Kumonomiya,7,kyoto,06. Kinki,34.922686,135.70947
kumonomiya_180,Creafrom HandySCAN BLACK™ | Elite,Kumonomiya,7,kyoto,06. Kinki,34.922686,135.70947
kumonomiya_187,Creafrom HandySCAN BLACK™ | Elite,Kumonomiya,7,kyoto,06. Kinki,34.922686,135.70947
kumonomiya_337,Creafrom HandySCAN BLACK™ | Elite,Kumonomiya,7,kyoto,06. Kinki,34.922686,135.70947
kumonomiya_418,Creafrom HandySCAN BLACK™ | Elite,Kumonomiya,7,kyoto,06. Kinki,34.922686,135.70947
kumonomiya_426,Creafrom HandySCAN BLACK™ | Elite,Kumonomiya,7,kyoto,06. Kinki,34.922686,135.70947
kumonomiya_506,Creafrom HandySCAN BLACK™ | Elite,Kumonomiya,7,kyoto,06. Kinki,34.922686,135.70947
kumonomiya_nagaokakyo,Creafrom HandySCAN BLACK™ | Elite,Kumonomiya,6,kyoto,06. Kinki,34.922686,135.70947
kuzukawa_17_20,Creafrom HandySCAN BLACK™ | Elite,Kuzukawa,3,fukuoka,02. Eastern Kyushu,33.750084,130.947327
kuzukawa_17_21,Creafrom HandySCAN BLACK™ | Elite,Kuzukawa,3,fukuoka,02. Eastern Kyushu,33.750084,130.947327
kuzukawa_17_24,Creafrom HandySCAN BLACK™ | Elite,Kuzukawa,3,fukuoka,02. Eastern Kyushu,33.750084,130.947327
kuzukawa_17_26,Creafrom HandySCAN BLACK™ | Elite,Kuzukawa,3,fukuoka,02. Eastern Kyushu,33.750084,130.947327
kuzukawa_17_28,Creafrom HandySCAN BLACK™ | Elite,Kuzukawa,3,fukuoka,02. Eastern Kyushu,33.750084,130.947327
kuzukawa_18_29,Creafrom HandySCAN BLACK™ | Elite,Kuzukawa,3,fukuoka,02. Eastern Kyushu,33.750084,130.947327
kuzukawa_18_33,Creafrom HandySCAN BLACK™ | Elite,Kuzukawa,3,fukuoka,02. Eastern Kyushu,33.750084,130.947327
kuzukawa_18_35,Creafrom HandySCAN BLACK™ | Elite,Kuzukawa,3,fukuoka,02. Eastern Kyushu,33.750084,130.947327
kuzukawa_19_40,Creafrom HandySCAN BLACK™ | Elite,Kuzukawa,3,fukuoka,02. Eastern Kyushu,33.750084,130.947327
kuzukawa_20_46,Creafrom HandySCAN BLACK™ | Elite,Kuzukawa,3,fukuoka,02. Eastern Kyushu,33.750084,130.947327
kuzukawa_23_73,Creafrom HandySCAN BLACK™ | Elite,Kuzukawa,3,fukuoka,02. Eastern Kyushu,33.750084,130.947327
kuzukawa_31_118,Creafrom HandySCAN BLACK™ | Elite,Kuzukawa,3,fukuoka,02. Eastern Kyushu,33.750084,130.947327
kuzukawa_42_130,Creafrom HandySCAN BLACK™ | Elite,Kuzukawa,3,fukuoka,02. Eastern Kyushu,33.750084,130.947327
magarita,Creafrom HandySCAN BLACK™ | Elite,Magarita,1,fukuoka,01. Northern Kyushu,33.518734,130.161709
minamikuramoto_1101,Creafrom HandySCAN BLACK™ | Elite,Minamikuramoto,4,tokushima,04. Setouchi,34.075673,134.520204
minamikuramoto_118,Creafrom HandySCAN BLACK™ | Elite,Minamikuramoto,4,tokushima,04. Setouchi,34.075673,134.520204
minamikuramoto_356,Creafrom HandySCAN BLACK™ | Elite,Minamikuramoto,4,tokushima,04. Setouchi,34.075673,134.520204
minamikuramoto_620,Creafrom HandySCAN BLACK™ | Elite,Minamikuramoto,4,tokushima,04. Setouchi,34.075673,134.520204
minamimizote_816,Creafrom HandySCAN BLACK™ | Elite,Minamimizote,3,okayama,04. Setouchi,34.693136,133.780112
minamimizote_831,"Creafrom HandySCAN BLACK™ | Elite
SfM (Eos Kiss x8i)",Minamimizote,3,okayama,04. Setouchi,34.693136,133.780112
minamimizote_842,"Creafrom HandySCAN BLACK™ | Elite
SfM (Eos Kiss x8i)",Minamimizote,3,okayama,04. Setouchi,34.693136,133.780112
minori_1183,Creafrom HandySCAN BLACK™ | Elite,Minori,8,hyogo,06. Kinki,34.771142,134.85409
minori_1224,Creafrom HandySCAN BLACK™ | Elite,Minori,8,hyogo,06. Kinki,34.771142,134.85409
minori_1229,Creafrom HandySCAN BLACK™ | Elite,Minori,8,hyogo,06. Kinki,34.771142,134.85409
minori_615,Creafrom HandySCAN BLACK™ | Elite,Minori,8,hyogo,06. Kinki,34.771142,134.85409
motoyama_213,Creafrom HandySCAN BLACK™ | Elite,Motoyama,3,hyogo,06. Kinki,34.7263,135.2817
motoyama_385,Creafrom HandySCAN BLACK™ | Elite,Motoyama,3,hyogo,06. Kinki,34.7263,135.2817
mukihoudaijin_238,Creafrom HandySCAN BLACK™ | Elite,Mukihoudaijin,8,tottori,05. Sanin,35.468611,133.454999
nabatake_1307,Creafrom HandySCAN BLACK™ | Elite,Nabatake,2,saga,01. Northern Kyushu,33.448736,129.9579
nabatake_47_2,Creafrom HandySCAN BLACK™ | Elite,Nabatake,2,saga,01. Northern Kyushu,33.448736,129.9579
nagai,Creafrom HandySCAN BLACK™ | Elite,Nagai,7,mie,07. Tokai,34.991536,136.598275
nagasetakahama,Creafrom HandySCAN BLACK™ | Elite,Nagasetakahama,3,tottori,05. Sanin,35.495689,133.860599
nakanosho_45,Creafrom HandySCAN BLACK™ | Elite,Nakanosho,6,mie,07. Tokai,34.610725,136.504834
nishikawatsu_130_10,Creafrom HandySCAN BLACK™ | Elite,Nishikawatsu,4,shimane,05. Sanin,35.492405,133.076338
nishikawatsu_134_11,Creafrom HandySCAN BLACK™ | Elite,Nishikawatsu,4,shimane,05. Sanin,35.492405,133.076338
nishikawatsu_134_5,Creafrom HandySCAN BLACK™ | Elite,Nishikawatsu,4,shimane,05. Sanin,35.492405,133.076338
nishikawatsu_156_19,Creafrom HandySCAN BLACK™ | Elite,Nishikawatsu,4,shimane,05. Sanin,35.492405,133.076338
nishikawatsu_35_7,Creafrom HandySCAN BLACK™ | Elite,Nishikawatsu,4,shimane,05. Sanin,35.492405,133.076338
nishikawatsu_37_5,Creafrom HandySCAN BLACK™ | Elite,Nishikawatsu,4,shimane,05. Sanin,35.492405,133.076338
nishikawatsu_38_3,Creafrom HandySCAN BLACK™ | Elite,Nishikawatsu,4,shimane,05. Sanin,35.492405,133.076338
nishikawatsu_43_1,Creafrom HandySCAN BLACK™ | Elite,Nishikawatsu,4,shimane,05. Sanin,35.492405,133.076338
nishikawatsu_43_5,Creafrom HandySCAN BLACK™ | Elite,Nishikawatsu,4,shimane,05. Sanin,35.492405,133.076338
nishishiga,Creafrom HandySCAN BLACK™ | Elite,Nishishiga,6,aichi,07. Tokai,35.2004032,136.89854
nishishiga_43,Creafrom HandySCAN BLACK™ | Elite,Nishishiga,6,aichi,07. Tokai,35.2004032,136.89854
nishiuneno_110,Creafrom HandySCAN BLACK™ | Elite,Nishiueno,8,hyogo,06. Kinki,34.884755,135.40133
nouso_1954,Creafrom HandySCAN BLACK™ | Elite,Nouso,6,mie,07. Tokai,34.728956,136.484978
nouso_2325,Creafrom HandySCAN BLACK™ | Elite,Nouso,6,mie,07. Tokai,34.728956,136.484978
oimikura_29,Creafrom HandySCAN BLACK™ | Elite,Oimikura,4,fukuoka,01. Northern Kyushu,33.807694,130.532337
oimikura_33,Creafrom HandySCAN BLACK™ | Elite,Oimikura,4,fukuoka,01. Northern Kyushu,33.807694,130.532337
oimikura_40,Creafrom HandySCAN BLACK™ | Elite,Oimikura,4,fukuoka,01. Northern Kyushu,33.807694,130.532337
oimikura_41,SfM (Eos Kiss 7),Oimikura,4,fukuoka,01. Northern Kyushu,33.807694,130.532337
oimikura_42,Creafrom HandySCAN BLACK™ | Elite,Oimikura,4,fukuoka,01. Northern Kyushu,33.807694,130.532337
oimikura_44,Creafrom HandySCAN BLACK™ | Elite,Oimikura,4,fukuoka,01. Northern Kyushu,33.807694,130.532337
oimikura_45,Creafrom HandySCAN BLACK™ | Elite,Oimikura,4,fukuoka,01. Northern Kyushu,33.807694,130.532337
oimikura_46,Creafrom HandySCAN BLACK™ | Elite,Oimikura,4,fukuoka,01. Northern Kyushu,33.807694,130.532337
oimikura_47,Creafrom HandySCAN BLACK™ | Elite,Oimikura,4,fukuoka,01. Northern Kyushu,33.807694,130.532337
oimikura_48,Creafrom HandySCAN BLACK™ | Elite,Oimikura,4,fukuoka,01. Northern Kyushu,33.807694,130.532337
oimikura_51,Creafrom HandySCAN BLACK™ | Elite,Oimikura,4,fukuoka,01. Northern Kyushu,33.807694,130.532337
oimikura_53,Creafrom HandySCAN BLACK™ | Elite,Oimikura,4,fukuoka,01. Northern Kyushu,33.807694,130.532337
oimikura_58,Creafrom HandySCAN BLACK™ | Elite,Oimikura,4,fukuoka,01. Northern Kyushu,33.807694,130.532337
oimikura_61,Creafrom HandySCAN BLACK™ | Elite,Oimikura,4,fukuoka,01. Northern Kyushu,33.807694,130.532337
oimikura_62,Creafrom HandySCAN BLACK™ | Elite,Oimikura,4,fukuoka,01. Northern Kyushu,33.807694,130.532337
oimikura_64,SfM (Eos Kiss 7),Oimikura,4,fukuoka,01. Northern Kyushu,33.807694,130.532337
okanodan_a_60,Creafrom HandySCAN BLACK™ | Elite,Okanodan,6,hiroshima,04. Setouchi,34.76099,132.483808
okanodan_a_73,Creafrom HandySCAN BLACK™ | Elite,Okanodan,6,hiroshima,04. Setouchi,34.76099,132.483808
okanodan_c_132,Creafrom HandySCAN BLACK™ | Elite,Okanodan,6,hiroshima,04. Setouchi,34.7638,132.4824
okanodan_c_182,Creafrom HandySCAN BLACK™ | Elite,Okanodan,6,hiroshima,04. Setouchi,34.7638,132.4824
okanodan_c_194,Creafrom HandySCAN BLACK™ | Elite,Okanodan,6,hiroshima,04. Setouchi,34.7638,132.4824
okanodan_c_195,Creafrom HandySCAN BLACK™ | Elite,Okanodan,6,hiroshima,04. Setouchi,34.7638,132.4824
okanodan_c_200,Creafrom HandySCAN BLACK™ | Elite,Okanodan,6,hiroshima,04. Setouchi,34.7638,132.4824
omiya_126,Creafrom HandySCAN BLACK™ | Elite,Omiya,6,hiroshima,04. Setouchi,34.555151,133.387453
omiya_157,Creafrom HandySCAN BLACK™ | Elite,Omiya,6,hiroshima,04. Setouchi,34.555151,133.387453
omiya_28,Creafrom HandySCAN BLACK™ | Elite,Omiya,6,hiroshima,04. Setouchi,34.555151,133.387453
omiya_53,Creafrom HandySCAN BLACK™ | Elite,Omiya,6,hiroshima,04. Setouchi,34.555151,133.387453
omiya_58,Creafrom HandySCAN BLACK™ | Elite,Omiya,6,hiroshima,04. Setouchi,34.555151,133.387453
omiya_60,Creafrom HandySCAN BLACK™ | Elite,Omiya,6,hiroshima,04. Setouchi,34.555151,133.387453
otsukaiwata_151,Creafrom HandySCAN BLACK™ | Elite,Otsukaiwata,8,tottori,05. Sanin,35.494166,133.471944
otsukaiwata_50,Creafrom HandySCAN BLACK™ | Elite,Otsukaiwata,8,tottori,05. Sanin,35.494166,133.471944
ourahama_247,Creafrom HandySCAN BLACK™ | Elite,Ourahama,4,kagawa,04. Setouchi,34.41772,133.804622
ourahama_250,Creafrom HandySCAN BLACK™ | Elite,Ourahama,4,kagawa,04. Setouchi,34.41772,133.804622
sasai_406_111_897,SfM (Eos Kiss x8i),Sasai,1,fukuoka,01. Northern Kyushu,33.578648,130.452358
sasai_406_125_1139,Creafrom HandySCAN BLACK™ | Elite,Sasai,1,fukuoka,01. Northern Kyushu,33.578648,130.452358
sasai_406_125_1142,Creafrom HandySCAN BLACK™ | Elite,Sasai,1,fukuoka,01. Northern Kyushu,33.578648,130.452358
sasai_406_54_280,SfM (Eos Kiss x8i),Sasai,1,fukuoka,01. Northern Kyushu,33.578648,130.452358
sasai_407_12_20,Creafrom HandySCAN BLACK™ | Elite,Sasai,1,fukuoka,01. Northern Kyushu,33.578648,130.452358
sasai_407_12_22,Creafrom HandySCAN BLACK™ | Elite,Sasai,1,fukuoka,01. Northern Kyushu,33.578648,130.452358
sasai_407_21_14,Creafrom HandySCAN BLACK™ | Elite,Sasai,1,fukuoka,01. Northern Kyushu,33.578648,130.452358
sasai_407_36_1,Creafrom HandySCAN BLACK™ | Elite,Sasai,1,fukuoka,01. Northern Kyushu,33.578648,130.452358
sasai_635_125_3,Creafrom HandySCAN BLACK™ | Elite,Sasai,1,fukuoka,01. Northern Kyushu,33.578648,130.452358
sasai_635_19_38,Creafrom HandySCAN BLACK™ | Elite,Sasai,1,fukuoka,01. Northern Kyushu,33.578648,130.452358
sasai_746_260_4,Creafrom HandySCAN BLACK™ | Elite,Sasai,1,fukuoka,01. Northern Kyushu,33.578648,130.452358
sasai_748_180_3,Creafrom HandySCAN BLACK™ | Elite,Sasai,1,fukuoka,01. Northern Kyushu,33.578648,130.452358
sawada_625,Creafrom HandySCAN BLACK™ | Elite,Hyakkengawa,4,okayama,04. Setouchi,34.669593,133.96083
sawada_747,Creafrom HandySCAN BLACK™ | Elite,Hyakkengawa,4,okayama,04. Setouchi,34.669593,133.96083
sawada_797,Creafrom HandySCAN BLACK™ | Elite,Hyakkengawa,4,okayama,04. Setouchi,34.669593,133.96083
sawada_806,Creafrom HandySCAN BLACK™ | Elite,Hyakkengawa,4,okayama,04. Setouchi,34.669593,133.96083
shimokawatsu_17_7,Creafrom HandySCAN BLACK™ | Elite,Shimokawatsu,2,kagawa,04. Setouchi,34.297949,133.843473
shimokawatsu_18_2,Creafrom HandySCAN BLACK™ | Elite,Shimokawatsu,3,kagawa,04. Setouchi,34.297949,133.843473
shimokawatsu_25_26,Creafrom HandySCAN BLACK™ | Elite,Shimokawatsu,3,kagawa,04. Setouchi,34.297949,133.843473
shinpou_11,Creafrom HandySCAN BLACK™ | Elite,Shinpou,5,hyogo,06. Kinki,34.664824,134.986576
shinpou_142,Creafrom HandySCAN BLACK™ | Elite,Shinpou,5,hyogo,06. Kinki,34.664824,134.986576
shinpou_178,Creafrom HandySCAN BLACK™ | Elite,Shinpou,5,hyogo,06. Kinki,34.664824,134.986576
shinpou_189,Creafrom HandySCAN BLACK™ | Elite,Shinpou,5,hyogo,06. Kinki,34.664824,134.986576
shinpou_204,Creafrom HandySCAN BLACK™ | Elite,Shinpou,5,hyogo,06. Kinki,34.664824,134.986576
shinpou_232,Creafrom HandySCAN BLACK™ | Elite,Shinpou,5,hyogo,06. Kinki,34.664824,134.986576
shinpou_236,Creafrom HandySCAN BLACK™ | Elite,Shinpou,5,hyogo,06. Kinki,34.664824,134.986576
shinpou_256,Creafrom HandySCAN BLACK™ | Elite,Shinpou,5,hyogo,06. Kinki,34.664824,134.986576
shinpou_257,Creafrom HandySCAN BLACK™ | Elite,Shinpou,5,hyogo,06. Kinki,34.664824,134.986576
shinpou_420,Creafrom HandySCAN BLACK™ | Elite,Shinpou,5,hyogo,06. Kinki,34.664824,134.986576
shinpou_9,Creafrom HandySCAN BLACK™ | Elite,Shinpou,5,hyogo,06. Kinki,34.664824,134.986576
shiraishi_11,Creafrom HandySCAN BLACK™ | Elite,Shiraishi,6,aichi,07. Tokai,34.794585,137.425416
shiraishi_9,Creafrom HandySCAN BLACK™ | Elite,Shiraishi,6,aichi,07. Tokai,34.794585,137.425416
tainaka_12_77,SfM (Eos Kiss x8i),Tainaka,6,osaka,06. Kinki,34.601493,135.600473
tainaka_17_154,SfM (Eos Kiss x8i),Tainaka,6,osaka,06. Kinki,34.601493,135.600473
tainaka_17_156,"SfM (Eos Kiss x8i)
Creafrom HandySCAN BLACK™ | Elite",Tainaka,6,osaka,06. Kinki,34.601493,135.600473
tainaka_23_211,Creafrom HandySCAN BLACK™ | Elite,Tainaka,6,osaka,06. Kinki,34.601493,135.600473
tainaka_24_240,Creafrom HandySCAN BLACK™ | Elite,Tainaka,6,osaka,06. Kinki,34.601493,135.600473
tainaka_25_249,Creafrom HandySCAN BLACK™ | Elite,Tainaka,6,osaka,06. Kinki,34.601493,135.600473
tainaka_25_253,Creafrom HandySCAN BLACK™ | Elite,Tainaka,6,osaka,06. Kinki,34.601493,135.600473
tainaka_26_254,"Creafrom HandySCAN BLACK™ | Elite
SfM (Eos Kiss x8i)",Tainaka,6,osaka,06. Kinki,34.601493,135.600473
tainaka_30_314,Creafrom HandySCAN BLACK™ | Elite,Tainaka,6,osaka,06. Kinki,34.601493,135.600473
tainaka_31_317,Creafrom HandySCAN BLACK™ | Elite,Tainaka,6,osaka,06. Kinki,34.601493,135.600473
tainaka_33_359,Creafrom HandySCAN BLACK™ | Elite,Tainaka,6,osaka,06. Kinki,34.601493,135.600473
tainaka_9_11,SfM (Eos Kiss x8i),Tainaka,6,osaka,06. Kinki,34.601493,135.600473
tainaka_9_29,Creafrom HandySCAN BLACK™ | Elite,Tainaka,6,osaka,06. Kinki,34.601493,135.600473
takahashi_161,Creafrom HandySCAN BLACK™ | Elite,Takahashi,3,kagoshima,03. Southern Kyushu,31.452091,130.3233
takahashi_162,Creafrom HandySCAN BLACK™ | Elite,Takahashi,3,kagoshima,03. Southern Kyushu,31.452091,130.3233
takahashi_163,Creafrom HandySCAN BLACK™ | Elite,Takahashi,3,kagoshima,03. Southern Kyushu,31.452091,130.3233
takahashi_76,Creafrom HandySCAN BLACK™ | Elite,Takahashi,3,kagoshima,03. Southern Kyushu,31.452091,130.3233
takahashi_80,Creafrom HandySCAN BLACK™ | Elite,Takahashi,3,kagoshima,03. Southern Kyushu,31.452091,130.3233
takakura_10_3,Creafrom HandySCAN BLACK™ | Elite,Takakura,8,aichi,07. Tokai,35.136319,136.903679
takakura_13_3,Creafrom HandySCAN BLACK™ | Elite,Takakura,8,aichi,07. Tokai,35.136319,136.903679
takakura_5_2,Creafrom HandySCAN BLACK™ | Elite,Takakura,8,aichi,07. Tokai,35.136319,136.903679
takakura_8_1,Creafrom HandySCAN BLACK™ | Elite,Takakura,8,aichi,07. Tokai,35.136319,136.903679
takamiya_22,Creafrom HandySCAN BLACK™ | Elite,Takamiya,7,osaka,06. Kinki,34.76226,135.62814
takamiya_23,Creafrom HandySCAN BLACK™ | Elite,Takamiya,7,osaka,06. Kinki,34.76226,135.62814
takamiya_24,Creafrom HandySCAN BLACK™ | Elite,Takamiya,7,osaka,06. Kinki,34.76226,135.62814
takamiya_27,Creafrom HandySCAN BLACK™ | Elite,Takamiya,7,osaka,06. Kinki,34.76226,135.62814
takano_142,Creafrom HandySCAN BLACK™ | Elite,Takano,8,kyoto,05. Sanin,35.7437,135.105
takano_145,Creafrom HandySCAN BLACK™ | Elite,Takano,8,kyoto,05. Sanin,35.7437,135.105
takao_shellmidden_14,Creafrom HandySCAN BLACK™ | Elite,Takao,3,okayama,04. Setouchi,34.621056,133.857833
takao_shellmidden_9,Creafrom HandySCAN BLACK™ | Elite,Takao,3,okayama,04. Setouchi,34.621056,133.857833
tamatsutanaka_2052,Creafrom HandySCAN BLACK™ | Elite,Tamatsutanaka,6,hyogo,06. Kinki,34.690472,134.977778
tamatsutanaka_2167,Creafrom HandySCAN BLACK™ | Elite,Tamatsutanaka,6,hyogo,06. Kinki,34.690472,134.977778
tamatsutanaka_2203,Creafrom HandySCAN BLACK™ | Elite,Tamatsutanaka,6,hyogo,06. Kinki,34.690472,134.977778
tamatsutanaka_2205,Creafrom HandySCAN BLACK™ | Elite,Tamatsutanaka,6,hyogo,06. Kinki,34.690472,134.977778
tamatsutanaka_2231,Creafrom HandySCAN BLACK™ | Elite,Tamatsutanaka,6,hyogo,06. Kinki,34.690472,134.977778
tamatsutanaka_2234,Creafrom HandySCAN BLACK™ | Elite,Tamatsutanaka,6,hyogo,06. Kinki,34.690472,134.977778
tamatsutanaka_2263,Creafrom HandySCAN BLACK™ | Elite,Tamatsutanaka,6,hyogo,06. Kinki,34.690472,134.977778
tamura_733,SfM (SONYα6500),Tamura,2,kochi,04. Setouchi,33.549077,133.664021
tamura_a10_6,Creafrom HandySCAN BLACK™ | Elite,Tamura,5,kochi,04. Setouchi,33.549077,133.664021
tamura_b1_4_9,SfM (Eos Kiss 7),Tamura,3,kochi,04. Setouchi,33.549077,133.664021
tamura_b1_8,Creafrom HandySCAN BLACK™ | Elite,Tamura,3,kochi,04. Setouchi,33.549077,133.664021
tamura_c1_1144_6,Creafrom HandySCAN BLACK™ | Elite,Tamura,4,kochi,04. Setouchi,33.549077,133.664021
tamura_c1_12,Creafrom HandySCAN BLACK™ | Elite,Tamura,4,kochi,04. Setouchi,33.549077,133.664021
tamura_c1_19_2,Creafrom HandySCAN BLACK,Tamura,4,kochi,04. Setouchi,33.549077,133.664021
tamura_c1_21_292,SfM (Eos Kiss x8i),Tamura,5,kochi,04. Setouchi,33.549077,133.664021
tamura_c1_24_3z,SfM (Eos Kiss x8i),Tamura,3,kochi,04. Setouchi,33.549077,133.664021
tamura_c1_26_6,SfM (Eos Kiss x8i),Tamura,5,kochi,04. Setouchi,33.549077,133.664021
tamura_c1_34_12,Creafrom HandySCAN BLACK™ | Elite,Tamura,4,kochi,04. Setouchi,33.549077,133.664021
tamura_c1_36_7,SfM (Eos Kiss x8i),Tamura,4,kochi,04. Setouchi,33.549077,133.664021
tamura_c1_7,Creafrom HandySCAN BLACK™ | Elite,Tamura,5,kochi,04. Setouchi,33.549077,133.664021
tamura_c1_7_6,SfM (Eos Kiss 7),Tamura,5,kochi,04. Setouchi,33.549077,133.664021
tamura_c1_9,Creafrom HandySCAN BLACK™ | Elite,Tamura,5,kochi,04. Setouchi,33.549077,133.664021
tamura_c2_208_6,Creafrom HandySCAN BLACK™ | Elite,Tamura,5,kochi,04. Setouchi,33.549077,133.664021
tamura_c2_4,Creafrom HandySCAN BLACK™ | Elite,Tamura,4,kochi,04. Setouchi,33.549077,133.664021
tamura_c3_3_2,SfM (Eos Kiss 7),Tamura,4,kochi,04. Setouchi,33.549077,133.664021
tamura_c3_5,Creafrom HandySCAN BLACK™ | Elite,Tamura,4,kochi,04. Setouchi,33.549077,133.664021
tamura_c3_7,Creafrom HandySCAN BLACK™ | Elite,Tamura,4,kochi,04. Setouchi,33.549077,133.664021
tamura_c4_18_74,SfM (Eos Kiss x8i),Tamura,3,kochi,04. Setouchi,33.549077,133.664021
tamura_c4_18_75,SfM (Eos Kiss x8i),Tamura,3,kochi,04. Setouchi,33.549077,133.664021
tamura_c4_19,SfM (Eos Kiss x8i),Tamura,5,kochi,04. Setouchi,33.549077,133.664021
tamura_c4_24,Creafrom HandySCAN BLACK™ | Elite,Tamura,3,kochi,04. Setouchi,33.549077,133.664021
tamura_c4_25,Creafrom HandySCAN BLACK™ | Elite,Tamura,3,kochi,04. Setouchi,33.549077,133.664021
tamura_c4_26,Creafrom HandySCAN BLACK™ | Elite,Tamura,3,kochi,04. Setouchi,33.549077,133.664021
tamura_c4_27,Creafrom HandySCAN BLACK™ | Elite,Tamura,3,kochi,04. Setouchi,33.549077,133.664021
tamura_c4_28,Creafrom HandySCAN BLACK™ | Elite,Tamura,3,kochi,04. Setouchi,33.549077,133.664021
tamura_c4_28_17,SfM (Eos Kiss x8i),Tamura,5,kochi,04. Setouchi,33.549077,133.664021
tamura_c4_32_5,SfM (Eos Kiss 7),Tamura,3,kochi,04. Setouchi,33.549077,133.664021
tamura_c4_34,Creafrom HandySCAN BLACK™ | Elite,Tamura,3,kochi,04. Setouchi,33.549077,133.664021
tamura_c4_4025_80,SfM (SONYα6500),Tamura,3,kochi,04. Setouchi,33.549077,133.664021
tamura_c4_4061_17,Creafrom HandySCAN BLACK™ | Elite,Tamura,3,kochi,04. Setouchi,33.549077,133.664021
tamura_c4_40_26,SfM (Eos Kiss x8i),Tamura,3,kochi,04. Setouchi,33.549077,133.664021
tamura_c4_73,Creafrom HandySCAN BLACK™ | Elite,Tamura,3,kochi,04. Setouchi,33.549077,133.664021
tamura_c4_sk4018_7,SfM (SONYα6500),Tamura,3,kochi,04. Setouchi,33.549077,133.664021
tamura_c4_sk4207_9,SfM (SONYα6500),Tamura,4,kochi,04. Setouchi,33.549077,133.664021
tamura_c4north_38_18,SfM (Eos Kiss x8i),Tamura,3,kochi,04. Setouchi,33.549077,133.664021
tamura_e2_10,SfM (SONYα6500),Tamura,3,kochi,04. Setouchi,33.549077,133.664021
tamura_e2_9,Creafrom HandySCAN BLACK™ | Elite,Tamura,3,kochi,04. Setouchi,33.549077,133.664021
tamura_e5_17,Creafrom HandySCAN BLACK™ | Elite,Tamura,4,kochi,04. Setouchi,33.549077,133.664021
tamura_e5_2,Creafrom HandySCAN BLACK™ | Elite,Tamura,5,kochi,04. Setouchi,33.549077,133.664021
tamura_e5_4_1,SfM (Eos Kiss x8i),Tamura,5,kochi,04. Setouchi,33.549077,133.664021
tamura_e5_582_1,Creafrom HandySCAN BLACK™ | Elite,Tamura,5,kochi,04. Setouchi,33.549077,133.664021
tamura_e6_10,Creafrom HandySCAN BLACK™ | Elite,Tamura,5,kochi,04. Setouchi,33.549077,133.664021
tamura_e6_9,Creafrom HandySCAN BLACK™ | Elite,Tamura,5,kochi,04. Setouchi,33.549077,133.664021
tamura_f3_3_1,SfM (Eos Kiss x8i),Tamura,3,kochi,04. Setouchi,33.549077,133.664021
tamura_f4_21,Creafrom HandySCAN BLACK™ | Elite,Tamura,5,kochi,04. Setouchi,33.549077,133.664021
tamura_f4_27,Creafrom HandySCAN BLACK™ | Elite,Tamura,5,kochi,04. Setouchi,33.549077,133.664021
tamura_ivvii_354,SfM (Eos Kiss x8i),Tamura,2,kochi,04. Setouchi,33.549077,133.664021
tamura_sk4_1,Creafrom HandySCAN BLACK™ | Elite,Tamura,5,kochi,04. Setouchi,33.549077,133.664021
tamura_sk8_81,Creafrom HandySCAN BLACK™ | Elite,Tamura,3,kochi,04. Setouchi,33.549077,133.664021
tamura_sx4_863,Creafrom HandySCAN BLACK™ | Elite,Tamura,2,kochi,04. Setouchi,33.549077,133.664021
tamura_vii_138,Creafrom HandySCAN BLACK™ | Elite,Tamura,2,kochi,04. Setouchi,33.549077,133.664021
tamura_vii_234,Creafrom HandySCAN BLACK™ | Elite,Tamura,2,kochi,04. Setouchi,33.549077,133.664021
tochu_11,Creafrom HandySCAN BLACK™ | Elite,Tochu,8,kyoto,05. Sanin,35.606287,135.058356
tokuzo_495,Creafrom HandySCAN BLACK™ | Elite,Tokuzo,6,wakayama,06. Kinki,33.7822,135.3242
tokuzo_496,Creafrom HandySCAN BLACK™ | Elite,Tokuzo,6,wakayama,06. Kinki,33.7822,135.3242
tsukinawate_1990_134,Creafrom HandySCAN BLACK™ | Elite,Tsukinawate,7,aichi,07. Tokai,35.228437,136.898915
tsukinawate_1990_18,Creafrom HandySCAN BLACK™ | Elite,Tsukinawate,7,aichi,07. Tokai,35.228437,136.898915
tsukinawate_1990_19,Creafrom HandySCAN BLACK™ | Elite,Tsukinawate,7,aichi,07. Tokai,35.228437,136.898915
tsukinawate_1990_21,Creafrom HandySCAN BLACK™ | Elite,Tsukinawate,7,aichi,07. Tokai,35.228437,136.898915
tsukinawate_1990_23,Creafrom HandySCAN BLACK™ | Elite,Tsukinawate,7,aichi,07. Tokai,35.228437,136.898915
tsukinawate_1990_24,Creafrom HandySCAN BLACK™ | Elite,Tsukinawate,7,aichi,07. Tokai,35.228437,136.898915
tsukinawate_1990_44,Creafrom HandySCAN BLACK™ | Elite,Tsukinawate,7,aichi,07. Tokai,35.228437,136.898915
tsukinawate_1994_39,Creafrom HandySCAN BLACK™ | Elite,Tsukinawate,7,aichi,07. Tokai,35.228437,136.898915
tsukinawate_1994_43,Creafrom HandySCAN BLACK™ | Elite,Tsukinawate,7,aichi,07. Tokai,35.228437,136.898915
tsukinawate_1994_63,Creafrom HandySCAN BLACK™ | Elite,Tsukinawate,7,aichi,07. Tokai,35.228437,136.898915
tsukinawate_1994_88,Creafrom HandySCAN BLACK™ | Elite,Tsukinawate,7,aichi,07. Tokai,35.228437,136.898915
tsuko_123_1,SfM (SONYα6500),Tsukotsuchitori,3,fukuoka,01. Northern Kyushu,33.442227,130.565142
tsuko_128_1,Creafrom HandySCAN BLACK™ | Elite,Tsukotsuchitori,3,fukuoka,01. Northern Kyushu,33.442227,130.565142
tsuko_148_5,SfM (SONYα6500),Tsukotsuchitori,3,fukuoka,01. Northern Kyushu,33.442227,130.565142
tsuko_148_7,Creafrom HandySCAN BLACK™ | Elite,Tsukotsuchitori,3,fukuoka,01. Northern Kyushu,33.442227,130.565142
tsuko_172_1,SfM (SONYα6500),Tsukotsuchitori,3,fukuoka,01. Northern Kyushu,33.442227,130.565142
tsuko_216_1,Creafrom HandySCAN BLACK™ | Elite,Tsukotsuchitori,3,fukuoka,01. Northern Kyushu,33.442227,130.565142
tsuko_41_2,SfM (SONYα6500),Tsukotsuchitori,3,fukuoka,01. Northern Kyushu,33.442227,130.565142
tsuko_47_4,Creafrom HandySCAN BLACK™ | Elite,Tsukotsuchitori,3,fukuoka,01. Northern Kyushu,33.442227,130.565142
tsuko_5_3,Creafrom HandySCAN BLACK™ | Elite,Tsukotsuchitori,3,fukuoka,01. Northern Kyushu,33.442227,130.565142
tsuko_74_1,"Creafrom HandySCAN BLACK™ | Elite
SfM (SONYα6500)",Tsukotsuchitori,3,fukuoka,01. Northern Kyushu,33.442227,130.565142
tsuko_89_2,"Creafrom HandySCAN BLACK™ | Elite
SfM (SONYα6500)",Tsukotsuchitori,3,fukuoka,01. Northern Kyushu,33.442227,130.565142
tsuko_94_2,SfM (SONYα6500),Tsukotsuchitori,3,fukuoka,01. Northern Kyushu,33.442227,130.565142
tsushima_2_284,Creafrom HandySCAN BLACK™ | Elite,Tsushima,4,okayama,04. Setouchi,34.680954,133.913704
tsushima_2_285,Creafrom HandySCAN BLACK™ | Elite,Tsushima,4,okayama,04. Setouchi,34.680954,133.913704
tsushima_ground,"Creafrom HandySCAN BLACK™ | Elite
SfM (Eos Kiss x8i)",Tsushima,4,okayama,04. Setouchi,34.680954,133.913704
uemitani_117,"Creafrom HandySCAN BLACK™ | Elite
SfM (Eos Kiss x8i)",Uemitani,4,ehime,04. Setouchi,33.778196,132.736401
umaki_134,Creafrom HandySCAN BLACK™ | Elite,Umaki,8,hyogo,06. Kinki,34.338055,134.878888
umaki_96,Creafrom HandySCAN BLACK™ | Elite,Umaki,8,hyogo,06. Kinki,34.338055,134.878888
wakaekita_121_2,Creafrom HandySCAN BLACK™ | Elite,Wakaekita,5,osaka,06. Kinki,34.6563,135.6136
wakaekita_124_9,Creafrom HandySCAN BLACK™ | Elite,Wakaekita,5,osaka,06. Kinki,34.6563,135.6136
waniishi_143,Creafrom HandySCAN BLACK™ | Elite,Waniishi,6,shimane,05. Sanin,34.866837,132.01782
waniishi_47,Creafrom HandySCAN BLACK™ | Elite,Waniishi,5,shimane,05. Sanin,34.866837,132.01782
yano_162_3,SfM (SONYα6500),Yano,4,shimane,05. Sanin,35.379722,132.739492
yano_162_8,SfM (SONYα6500),Yano,4,shimane,05. Sanin,35.379722,132.739492
yano_166_7,SfM (SONYα6500),Yano,4,shimane,05. Sanin,35.379722,132.739492
yano_167_6,Creafrom HandySCAN BLACK™ | Elite,Yano,4,shimane,05. Sanin,35.379722,132.739492
yano_167_7,SfM (SONYα6500),Yano,4,shimane,05. Sanin,35.379722,132.739492
yano_167_8,SfM (SONYα6500),Yano,4,shimane,05. Sanin,35.379722,132.739492
yano_173_4,Creafrom HandySCAN BLACK™ | Elite,Yano,4,shimane,05. Sanin,35.379722,132.739492
yano_174_10,Creafrom HandySCAN BLACK™ | Elite,Yano,4,shimane,05. Sanin,35.379722,132.739492
yano_174_11,SfM (Eos Kiss x8i),Yano,4,shimane,05. Sanin,35.379722,132.739492
yano_175_1,SfM (Eos Kiss x8i),Yano,4,shimane,05. Sanin,35.379722,132.739492
yano_175_6,Creafrom HandySCAN BLACK™ | Elite,Yano,4,shimane,05. Sanin,35.379722,132.739492
yano_244_11,Creafrom HandySCAN BLACK™ | Elite,Yano,3,shimane,05. Sanin,35.379722,132.739492
yano_244_9,Creafrom HandySCAN BLACK™ | Elite,Yano,3,shimane,05. Sanin,35.379722,132.739492
yano_251_12,Creafrom HandySCAN BLACK™ | Elite,Yano,3,shimane,05. Sanin,35.379722,132.739492
yano_255_1,Creafrom HandySCAN BLACK™ | Elite,Yano,3,shimane,05. Sanin,35.379722,132.739492
yano_256_3,Creafrom HandySCAN BLACK™ | Elite,Yano,4,shimane,05. Sanin,35.379722,132.739492
yano_256_9,SfM (SONYα6500),Yano,4,shimane,05. Sanin,35.379722,132.739492
yano_287_5,Creafrom HandySCAN BLACK™ | Elite,Yano,3,shimane,05. Sanin,35.379722,132.739492
yano_288_1,SfM (Eos Kiss x8i),Yano,4,shimane,05. Sanin,35.379722,132.739492
yano_356_9,SfM (Eos Kiss x8i),Yano,4,shimane,05. Sanin,35.379722,132.739492
yo_yanagase_386,Creafrom HandySCAN BLACK™ | Elite,Yo-Yanagase,8,hyogo,06. Kinki,34.818623,134.595567
yo_yanagase_390,Creafrom HandySCAN BLACK™ | Elite,Yo-Yanagase,8,hyogo,06. Kinki,34.818623,134.595567
yokoro_59,Creafrom HandySCAN BLACK™ | Elite,Yokoro,5,hiroshima,04. Setouchi,34.762756,132.500662
yokoro_71,Creafrom HandySCAN BLACK™ | Elite,Yokoro,5,hiroshima,04. Setouchi,34.762756,132.500662
yoshinaga_4_104,Creafrom HandySCAN BLACK™ | Elite,Yoshinaga,4,yamaguchi,02. Eastern Kyushu,34.129273,130.916485
yoshinaga_4_112,Creafrom HandySCAN BLACK™ | Elite,Yoshinaga,4,yamaguchi,02. Eastern Kyushu,34.129273,130.916485
yoshinaga_4_115,Creafrom HandySCAN BLACK™ | Elite,Yoshinaga,4,yamaguchi,02. Eastern Kyushu,34.129273,130.916485
yoshinaga_4_146,Creafrom HandySCAN BLACK™ | Elite,Yoshinaga,4,yamaguchi,02. Eastern Kyushu,34.129273,130.916485
yoshinaga_4_44,Creafrom HandySCAN BLACK™ | Elite,Yoshinaga,5,yamaguchi,02. Eastern Kyushu,34.129273,130.916485
yoshinaga_4_45,Creafrom HandySCAN BLACK™ | Elite,Yoshinaga,5,yamaguchi,02. Eastern Kyushu,34.129273,130.916485
yoshinaga_4_46,Creafrom HandySCAN BLACK™ | Elite,Yoshinaga,5,yamaguchi,02. Eastern Kyushu,34.129273,130.916485
yoshinaga_4_47,Creafrom HandySCAN BLACK™ | Elite,Yoshinaga,5,yamaguchi,02. Eastern Kyushu,34.129273,130.916485
yoshinaga_4_48,Creafrom HandySCAN BLACK™ | Elite,Yoshinaga,5,yamaguchi,02. Eastern Kyushu,34.129273,130.916485
yoshinaga_4_49,Creafrom HandySCAN BLACK™ | Elite,Yoshinaga,5,yamaguchi,02. Eastern Kyushu,34.129273,130.916485
yoshinaga_4_61,Creafrom HandySCAN BLACK™ | Elite,Yoshinaga,5,yamaguchi,02. Eastern Kyushu,34.129273,130.916485
yoshinaga_4_65,Creafrom HandySCAN BLACK™ | Elite,Yoshinaga,5,yamaguchi,02. Eastern Kyushu,34.129273,130.916485
yoshinaga_4_76,Creafrom HandySCAN BLACK™ | Elite,Yoshinaga,5,yamaguchi,02. Eastern Kyushu,34.129273,130.916485
yoshinaga_4_81,Creafrom HandySCAN BLACK™ | Elite,Yoshinaga,5,yamaguchi,02. Eastern Kyushu,34.129273,130.916485
yoshinaga_4_87,Creafrom HandySCAN BLACK™ | Elite,Yoshinaga,5,yamaguchi,02. Eastern Kyushu,34.129273,130.916485
yoshinaga_5_56,Creafrom HandySCAN BLACK™ | Elite,Yoshinaga,6,yamaguchi,02. Eastern Kyushu,34.129273,130.916485
yoshinaga_5_60,Creafrom HandySCAN BLACK™ | Elite,Yoshinaga,6,yamaguchi,02. Eastern Kyushu,34.129273,130.916485
yoshinaga_5_61,Creafrom HandySCAN BLACK™ | Elite,Yoshinaga,6,yamaguchi,02. Eastern Kyushu,34.129273,130.916485
yoshinaga_5_65,Creafrom HandySCAN BLACK™ | Elite,Yoshinaga,6,yamaguchi,02. Eastern Kyushu,34.129273,130.916485
yoshinaga_5_67,Creafrom HandySCAN BLACK™ | Elite,Yoshinaga,6,yamaguchi,02. Eastern Kyushu,34.129273,130.916485
yoshinaga_5_69,Creafrom HandySCAN BLACK™ | Elite,Yoshinaga,6,yamaguchi,02. Eastern Kyushu,34.129273,130.916485
yunobe_175,Creafrom HandySCAN BLACK™ | Elite,Yunobe,6,shiga,06. Kinki,35.09611111,136.0194444
